Sample in Buffer,Sample in Window,TRIGGER,FFT_update_i/DDS_FFT_0_psd_avg_read[47:0],FFT_update_i/myFFT_0_cnt_read[9:0],FFT_update_i/DDS_FFT_0_m_valid,FFT_update_i/myFFT_0_dds_phase_incr_0[17:0],FFT_update_i/myFFT_0_dds_phase_incr_1[17:0],FFT_update_i/myFFT_0_dds_phase_incr_2[17:0],FFT_update_i/myFFT_0_pos_radar[2:0]
Radix - UNSIGNED,UNSIGNED,UNSIGNED,HEX,HEX,HEX,HEX,HEX,HEX,HEX
0,0,0,000ea46969db,000,0,13333,00a3d,0cccc,4
1,1,0,000ea46969db,000,0,13333,00a3d,0cccc,4
2,2,0,000ea46969db,000,0,13333,00a3d,0cccc,4
3,3,0,000ea46969db,000,0,13333,00a3d,0cccc,4
4,4,0,000ea46969db,000,0,13333,00a3d,0cccc,4
5,5,0,000ea46969db,000,0,13333,00a3d,0cccc,4
6,6,0,000ea46969db,000,0,13333,00a3d,0cccc,4
7,7,0,000ea46969db,000,0,13333,00a3d,0cccc,4
8,8,0,000ea46969db,000,0,13333,00a3d,0cccc,4
9,9,0,000ea46969db,000,0,13333,00a3d,0cccc,4
10,10,0,000ea46969db,000,0,13333,00a3d,0cccc,4
11,11,0,000ea46969db,000,0,13333,00a3d,0cccc,4
12,12,0,000ea46969db,000,0,13333,00a3d,0cccc,4
13,13,0,000ea46969db,000,0,13333,00a3d,0cccc,4
14,14,0,000ea46969db,000,0,13333,00a3d,0cccc,4
15,15,0,000ea46969db,000,0,13333,00a3d,0cccc,4
16,16,0,000ea46969db,000,0,13333,00a3d,0cccc,4
17,17,0,000ea46969db,000,0,13333,00a3d,0cccc,4
18,18,0,000ea46969db,000,0,13333,00a3d,0cccc,4
19,19,0,000ea46969db,000,0,13333,00a3d,0cccc,4
20,20,0,000ea46969db,000,0,13333,00a3d,0cccc,4
21,21,0,000ea46969db,000,0,13333,00a3d,0cccc,4
22,22,0,000ea46969db,000,0,13333,00a3d,0cccc,4
23,23,0,000ea46969db,000,0,13333,00a3d,0cccc,4
24,24,0,000ea46969db,000,0,13333,00a3d,0cccc,4
25,25,0,000ea46969db,000,0,13333,00a3d,0cccc,4
26,26,0,000ea46969db,000,0,13333,00a3d,0cccc,4
27,27,0,000ea46969db,000,0,13333,00a3d,0cccc,4
28,28,0,000ea46969db,000,0,13333,00a3d,0cccc,4
29,29,0,000ea46969db,000,0,13333,00a3d,0cccc,4
30,30,0,000ea46969db,000,0,13333,00a3d,0cccc,4
31,31,0,000ea46969db,000,0,13333,00a3d,0cccc,4
32,32,0,000ea46969db,000,0,13333,00a3d,0cccc,4
33,33,0,000ea46969db,000,0,13333,00a3d,0cccc,4
34,34,0,000ea46969db,000,0,13333,00a3d,0cccc,4
35,35,0,000ea46969db,000,0,13333,00a3d,0cccc,4
36,36,0,000ea46969db,000,0,13333,00a3d,0cccc,4
37,37,0,000ea46969db,000,0,13333,00a3d,0cccc,4
38,38,0,000ea46969db,000,0,13333,00a3d,0cccc,4
39,39,0,000ea46969db,000,0,13333,00a3d,0cccc,4
40,40,0,000ea46969db,000,0,13333,00a3d,0cccc,4
41,41,0,000ea46969db,000,0,13333,00a3d,0cccc,4
42,42,0,000ea46969db,000,0,13333,00a3d,0cccc,4
43,43,0,000ea46969db,000,0,13333,00a3d,0cccc,4
44,44,0,000ea46969db,000,0,13333,00a3d,0cccc,4
45,45,0,000ea46969db,000,0,13333,00a3d,0cccc,4
46,46,0,000ea46969db,000,0,13333,00a3d,0cccc,4
47,47,0,000ea46969db,000,0,13333,00a3d,0cccc,4
48,48,0,000ea46969db,000,0,13333,00a3d,0cccc,4
49,49,0,000ea46969db,000,0,13333,00a3d,0cccc,4
50,50,0,000ea46969db,000,0,13333,00a3d,0cccc,4
51,51,0,000ea46969db,000,0,13333,00a3d,0cccc,4
52,52,0,000ea46969db,000,0,13333,00a3d,0cccc,4
53,53,0,000ea46969db,000,0,13333,00a3d,0cccc,4
54,54,0,000ea46969db,000,0,13333,00a3d,0cccc,4
55,55,0,000ea46969db,000,0,13333,00a3d,0cccc,4
56,56,0,000ea46969db,000,0,13333,00a3d,0cccc,4
57,57,0,000ea46969db,000,0,13333,00a3d,0cccc,4
58,58,0,000ea46969db,000,0,13333,00a3d,0cccc,4
59,59,0,000ea46969db,000,0,13333,00a3d,0cccc,4
60,60,0,000ea46969db,000,0,13333,00a3d,0cccc,4
61,61,0,000ea46969db,000,0,13333,00a3d,0cccc,4
62,62,0,000ea46969db,000,0,13333,00a3d,0cccc,4
63,63,0,000ea46969db,000,0,13333,00a3d,0cccc,4
64,64,0,000ea46969db,000,0,13333,00a3d,0cccc,4
65,65,0,000ea46969db,000,0,13333,00a3d,0cccc,4
66,66,0,000ea46969db,000,0,13333,00a3d,0cccc,4
67,67,0,000ea46969db,000,0,13333,00a3d,0cccc,4
68,68,0,000ea46969db,000,0,13333,00a3d,0cccc,4
69,69,0,000ea46969db,000,0,13333,00a3d,0cccc,4
70,70,0,000ea46969db,000,0,13333,00a3d,0cccc,4
71,71,0,000ea46969db,000,0,13333,00a3d,0cccc,4
72,72,0,000ea46969db,000,0,13333,00a3d,0cccc,4
73,73,0,000ea46969db,000,0,13333,00a3d,0cccc,4
74,74,0,000ea46969db,000,0,13333,00a3d,0cccc,4
75,75,0,000ea46969db,000,0,13333,00a3d,0cccc,4
76,76,0,000ea46969db,000,0,13333,00a3d,0cccc,4
77,77,0,000ea46969db,000,0,13333,00a3d,0cccc,4
78,78,0,000ea46969db,000,0,13333,00a3d,0cccc,4
79,79,0,000ea46969db,000,0,13333,00a3d,0cccc,4
80,80,0,000ea46969db,000,0,13333,00a3d,0cccc,4
81,81,0,000ea46969db,000,0,13333,00a3d,0cccc,4
82,82,0,000ea46969db,000,0,13333,00a3d,0cccc,4
83,83,0,000ea46969db,000,0,13333,00a3d,0cccc,4
84,84,0,000ea46969db,000,0,13333,00a3d,0cccc,4
85,85,0,000ea46969db,000,0,13333,00a3d,0cccc,4
86,86,0,000ea46969db,000,0,13333,00a3d,0cccc,4
87,87,0,000ea46969db,000,0,13333,00a3d,0cccc,4
88,88,0,000ea46969db,000,0,13333,00a3d,0cccc,4
89,89,0,000ea46969db,000,0,13333,00a3d,0cccc,4
90,90,0,000ea46969db,000,0,13333,00a3d,0cccc,4
91,91,0,000ea46969db,000,0,13333,00a3d,0cccc,4
92,92,0,000ea46969db,000,0,13333,00a3d,0cccc,4
93,93,0,000ea46969db,000,0,13333,00a3d,0cccc,4
94,94,0,000ea46969db,000,0,13333,00a3d,0cccc,4
95,95,0,000ea46969db,000,0,13333,00a3d,0cccc,4
96,96,0,000ea46969db,000,0,13333,00a3d,0cccc,4
97,97,0,000ea46969db,000,0,13333,00a3d,0cccc,4
98,98,0,000ea46969db,000,0,13333,00a3d,0cccc,4
99,99,0,000ea46969db,000,0,13333,00a3d,0cccc,4
100,100,0,000ea46969db,000,0,13333,00a3d,0cccc,4
101,101,0,000ea46969db,000,0,13333,00a3d,0cccc,4
102,102,0,000ea46969db,000,0,13333,00a3d,0cccc,4
103,103,0,000ea46969db,000,0,13333,00a3d,0cccc,4
104,104,0,000ea46969db,000,0,13333,00a3d,0cccc,4
105,105,0,000ea46969db,000,0,13333,00a3d,0cccc,4
106,106,0,000ea46969db,000,0,13333,00a3d,0cccc,4
107,107,0,000ea46969db,000,0,13333,00a3d,0cccc,4
108,108,0,000ea46969db,000,0,13333,00a3d,0cccc,4
109,109,0,000ea46969db,000,0,13333,00a3d,0cccc,4
110,110,0,000ea46969db,000,0,13333,00a3d,0cccc,4
111,111,0,000ea46969db,000,0,13333,00a3d,0cccc,4
112,112,0,000ea46969db,000,0,13333,00a3d,0cccc,4
113,113,0,000ea46969db,000,0,13333,00a3d,0cccc,4
114,114,0,000ea46969db,000,0,13333,00a3d,0cccc,4
115,115,0,000ea46969db,000,0,13333,00a3d,0cccc,4
116,116,0,000ea46969db,000,0,13333,00a3d,0cccc,4
117,117,0,000ea46969db,000,0,13333,00a3d,0cccc,4
118,118,0,000ea46969db,000,0,13333,00a3d,0cccc,4
119,119,0,000ea46969db,000,0,13333,00a3d,0cccc,4
120,120,0,000ea46969db,000,0,13333,00a3d,0cccc,4
121,121,0,000ea46969db,000,0,13333,00a3d,0cccc,4
122,122,0,000ea46969db,000,0,13333,00a3d,0cccc,4
123,123,0,000ea46969db,000,0,13333,00a3d,0cccc,4
124,124,0,000ea46969db,000,0,13333,00a3d,0cccc,4
125,125,0,000ea46969db,000,0,13333,00a3d,0cccc,4
126,126,0,000ea46969db,000,0,13333,00a3d,0cccc,4
127,127,0,000ea46969db,000,0,13333,00a3d,0cccc,4
128,128,0,000ea46969db,000,0,13333,00a3d,0cccc,4
129,129,0,000ea46969db,000,0,13333,00a3d,0cccc,4
130,130,0,000ea46969db,000,0,13333,00a3d,0cccc,4
131,131,0,000ea46969db,000,0,13333,00a3d,0cccc,4
132,132,0,000ea46969db,000,0,13333,00a3d,0cccc,4
133,133,0,000ea46969db,000,0,13333,00a3d,0cccc,4
134,134,0,000ea46969db,000,0,13333,00a3d,0cccc,4
135,135,0,000ea46969db,000,0,13333,00a3d,0cccc,4
136,136,0,000ea46969db,000,0,13333,00a3d,0cccc,4
137,137,0,000ea46969db,000,0,13333,00a3d,0cccc,4
138,138,0,000ea46969db,000,0,13333,00a3d,0cccc,4
139,139,0,000ea46969db,000,0,13333,00a3d,0cccc,4
140,140,0,000ea46969db,000,0,13333,00a3d,0cccc,4
141,141,0,000ea46969db,000,0,13333,00a3d,0cccc,4
142,142,0,000ea46969db,000,0,13333,00a3d,0cccc,4
143,143,0,000ea46969db,000,0,13333,00a3d,0cccc,4
144,144,0,000ea46969db,000,0,13333,00a3d,0cccc,4
145,145,0,000ea46969db,000,0,13333,00a3d,0cccc,4
146,146,0,000ea46969db,000,0,13333,00a3d,0cccc,4
147,147,0,000ea46969db,000,0,13333,00a3d,0cccc,4
148,148,0,000ea46969db,000,0,13333,00a3d,0cccc,4
149,149,0,000ea46969db,000,0,13333,00a3d,0cccc,4
150,150,0,000ea46969db,000,0,13333,00a3d,0cccc,4
151,151,0,000ea46969db,000,0,13333,00a3d,0cccc,4
152,152,0,000ea46969db,000,0,13333,00a3d,0cccc,4
153,153,0,000ea46969db,000,0,13333,00a3d,0cccc,4
154,154,0,000ea46969db,000,0,13333,00a3d,0cccc,4
155,155,0,000ea46969db,000,0,13333,00a3d,0cccc,4
156,156,0,000ea46969db,000,0,13333,00a3d,0cccc,4
157,157,0,000ea46969db,000,0,13333,00a3d,0cccc,4
158,158,0,000ea46969db,000,0,13333,00a3d,0cccc,4
159,159,0,000ea46969db,000,0,13333,00a3d,0cccc,4
160,160,0,000ea46969db,000,0,13333,00a3d,0cccc,4
161,161,0,000ea46969db,000,0,13333,00a3d,0cccc,4
162,162,0,000ea46969db,000,0,13333,00a3d,0cccc,4
163,163,0,000ea46969db,000,0,13333,00a3d,0cccc,4
164,164,0,000ea46969db,000,0,13333,00a3d,0cccc,4
165,165,0,000ea46969db,000,0,13333,00a3d,0cccc,4
166,166,0,000ea46969db,000,0,13333,00a3d,0cccc,4
167,167,0,000ea46969db,000,0,13333,00a3d,0cccc,4
168,168,0,000ea46969db,000,0,13333,00a3d,0cccc,4
169,169,0,000ea46969db,000,0,13333,00a3d,0cccc,4
170,170,0,000ea46969db,000,0,13333,00a3d,0cccc,4
171,171,0,000ea46969db,000,0,13333,00a3d,0cccc,4
172,172,0,000ea46969db,000,0,13333,00a3d,0cccc,4
173,173,0,000ea46969db,000,0,13333,00a3d,0cccc,4
174,174,0,000ea46969db,000,0,13333,00a3d,0cccc,4
175,175,0,000ea46969db,000,0,13333,00a3d,0cccc,4
176,176,0,000ea46969db,000,0,13333,00a3d,0cccc,4
177,177,0,000ea46969db,000,0,13333,00a3d,0cccc,4
178,178,0,000ea46969db,000,0,13333,00a3d,0cccc,4
179,179,0,000ea46969db,000,0,13333,00a3d,0cccc,4
180,180,0,000ea46969db,000,0,13333,00a3d,0cccc,4
181,181,0,000ea46969db,000,0,13333,00a3d,0cccc,4
182,182,0,000ea46969db,000,0,13333,00a3d,0cccc,4
183,183,0,000ea46969db,000,0,13333,00a3d,0cccc,4
184,184,0,000ea46969db,000,0,13333,00a3d,0cccc,4
185,185,0,000ea46969db,000,0,13333,00a3d,0cccc,4
186,186,0,000ea46969db,000,0,13333,00a3d,0cccc,4
187,187,0,000ea46969db,000,0,13333,00a3d,0cccc,4
188,188,0,000ea46969db,000,0,13333,00a3d,0cccc,4
189,189,0,000ea46969db,000,0,13333,00a3d,0cccc,4
190,190,0,000ea46969db,000,0,13333,00a3d,0cccc,4
191,191,0,000ea46969db,000,0,13333,00a3d,0cccc,4
192,192,0,000ea46969db,000,0,13333,00a3d,0cccc,4
193,193,0,000ea46969db,000,0,13333,00a3d,0cccc,4
194,194,0,000ea46969db,000,0,13333,00a3d,0cccc,4
195,195,0,000ea46969db,000,0,13333,00a3d,0cccc,4
196,196,0,000ea46969db,000,0,13333,00a3d,0cccc,4
197,197,0,000ea46969db,000,0,13333,00a3d,0cccc,4
198,198,0,000ea46969db,000,0,13333,00a3d,0cccc,4
199,199,0,000ea46969db,000,0,13333,00a3d,0cccc,4
200,200,0,000ea46969db,000,0,13333,00a3d,0cccc,4
201,201,0,000ea46969db,000,0,13333,00a3d,0cccc,4
202,202,0,000ea46969db,000,0,13333,00a3d,0cccc,4
203,203,0,000ea46969db,000,0,13333,00a3d,0cccc,4
204,204,0,000ea46969db,000,0,13333,00a3d,0cccc,4
205,205,0,000ea46969db,000,0,13333,00a3d,0cccc,4
206,206,0,000ea46969db,000,0,13333,00a3d,0cccc,4
207,207,0,000ea46969db,000,0,13333,00a3d,0cccc,4
208,208,0,000ea46969db,000,0,13333,00a3d,0cccc,4
209,209,0,000ea46969db,000,0,13333,00a3d,0cccc,4
210,210,0,000ea46969db,000,0,13333,00a3d,0cccc,4
211,211,0,000ea46969db,000,0,13333,00a3d,0cccc,4
212,212,0,000ea46969db,000,0,13333,00a3d,0cccc,4
213,213,0,000ea46969db,000,0,13333,00a3d,0cccc,4
214,214,0,000ea46969db,000,0,13333,00a3d,0cccc,4
215,215,0,000ea46969db,000,0,13333,00a3d,0cccc,4
216,216,0,000ea46969db,000,0,13333,00a3d,0cccc,4
217,217,0,000ea46969db,000,0,13333,00a3d,0cccc,4
218,218,0,000ea46969db,000,0,13333,00a3d,0cccc,4
219,219,0,000ea46969db,000,0,13333,00a3d,0cccc,4
220,220,0,000ea46969db,000,0,13333,00a3d,0cccc,4
221,221,0,000ea46969db,000,0,13333,00a3d,0cccc,4
222,222,0,000ea46969db,000,0,13333,00a3d,0cccc,4
223,223,0,000ea46969db,000,0,13333,00a3d,0cccc,4
224,224,0,000ea46969db,000,0,13333,00a3d,0cccc,4
225,225,0,000ea46969db,000,0,13333,00a3d,0cccc,4
226,226,0,000ea46969db,000,0,13333,00a3d,0cccc,4
227,227,0,000ea46969db,000,0,13333,00a3d,0cccc,4
228,228,0,000ea46969db,000,0,13333,00a3d,0cccc,4
229,229,0,000ea46969db,000,0,13333,00a3d,0cccc,4
230,230,0,000ea46969db,000,0,13333,00a3d,0cccc,4
231,231,0,000ea46969db,000,0,13333,00a3d,0cccc,4
232,232,0,000ea46969db,000,0,13333,00a3d,0cccc,4
233,233,0,000ea46969db,000,0,13333,00a3d,0cccc,4
234,234,0,000ea46969db,000,0,13333,00a3d,0cccc,4
235,235,0,000ea46969db,000,0,13333,00a3d,0cccc,4
236,236,0,000ea46969db,000,0,13333,00a3d,0cccc,4
237,237,0,000ea46969db,000,0,13333,00a3d,0cccc,4
238,238,0,000ea46969db,000,0,13333,00a3d,0cccc,4
239,239,0,000ea46969db,000,0,13333,00a3d,0cccc,4
240,240,0,000ea46969db,000,0,13333,00a3d,0cccc,4
241,241,0,000ea46969db,000,0,13333,00a3d,0cccc,4
242,242,0,000ea46969db,000,0,13333,00a3d,0cccc,4
243,243,0,000ea46969db,000,0,13333,00a3d,0cccc,4
244,244,0,000ea46969db,000,0,13333,00a3d,0cccc,4
245,245,0,000ea46969db,000,0,13333,00a3d,0cccc,4
246,246,0,000ea46969db,000,0,13333,00a3d,0cccc,4
247,247,0,000ea46969db,000,0,13333,00a3d,0cccc,4
248,248,0,000ea46969db,000,0,13333,00a3d,0cccc,4
249,249,0,000ea46969db,000,0,13333,00a3d,0cccc,4
250,250,0,000ea46969db,000,0,13333,00a3d,0cccc,4
251,251,0,000ea46969db,000,0,13333,00a3d,0cccc,4
252,252,0,000ea46969db,000,0,13333,00a3d,0cccc,4
253,253,0,000ea46969db,000,0,13333,00a3d,0cccc,4
254,254,0,000ea46969db,000,0,13333,00a3d,0cccc,4
255,255,0,000ea46969db,000,0,13333,00a3d,0cccc,4
256,256,0,000ea46969db,000,0,13333,00a3d,0cccc,4
257,257,0,000ea46969db,000,0,13333,00a3d,0cccc,4
258,258,0,000ea46969db,000,0,13333,00a3d,0cccc,4
259,259,0,000ea46969db,000,0,13333,00a3d,0cccc,4
260,260,0,000ea46969db,000,0,13333,00a3d,0cccc,4
261,261,0,000ea46969db,000,0,13333,00a3d,0cccc,4
262,262,0,000ea46969db,000,0,13333,00a3d,0cccc,4
263,263,0,000ea46969db,000,0,13333,00a3d,0cccc,4
264,264,0,000ea46969db,000,0,13333,00a3d,0cccc,4
265,265,0,000ea46969db,000,0,13333,00a3d,0cccc,4
266,266,0,000ea46969db,000,0,13333,00a3d,0cccc,4
267,267,0,000ea46969db,000,0,13333,00a3d,0cccc,4
268,268,0,000ea46969db,000,0,13333,00a3d,0cccc,4
269,269,0,000ea46969db,000,0,13333,00a3d,0cccc,4
270,270,0,000ea46969db,000,0,13333,00a3d,0cccc,4
271,271,0,000ea46969db,000,0,13333,00a3d,0cccc,4
272,272,0,000ea46969db,000,0,13333,00a3d,0cccc,4
273,273,0,000ea46969db,000,0,13333,00a3d,0cccc,4
274,274,0,000ea46969db,000,0,13333,00a3d,0cccc,4
275,275,0,000ea46969db,000,0,13333,00a3d,0cccc,4
276,276,0,000ea46969db,000,0,13333,00a3d,0cccc,4
277,277,0,000ea46969db,000,0,13333,00a3d,0cccc,4
278,278,0,000ea46969db,000,0,13333,00a3d,0cccc,4
279,279,0,000ea46969db,000,0,13333,00a3d,0cccc,4
280,280,0,000ea46969db,000,0,13333,00a3d,0cccc,4
281,281,0,000ea46969db,000,0,13333,00a3d,0cccc,4
282,282,0,000ea46969db,000,0,13333,00a3d,0cccc,4
283,283,0,000ea46969db,000,0,13333,00a3d,0cccc,4
284,284,0,000ea46969db,000,0,13333,00a3d,0cccc,4
285,285,0,000ea46969db,000,0,13333,00a3d,0cccc,4
286,286,0,000ea46969db,000,0,13333,00a3d,0cccc,4
287,287,0,000ea46969db,000,0,13333,00a3d,0cccc,4
288,288,0,000ea46969db,000,0,13333,00a3d,0cccc,4
289,289,0,000ea46969db,000,0,13333,00a3d,0cccc,4
290,290,0,000ea46969db,000,0,13333,00a3d,0cccc,4
291,291,0,000ea46969db,000,0,13333,00a3d,0cccc,4
292,292,0,000ea46969db,000,0,13333,00a3d,0cccc,4
293,293,0,000ea46969db,000,0,13333,00a3d,0cccc,4
294,294,0,000ea46969db,000,0,13333,00a3d,0cccc,4
295,295,0,000ea46969db,000,0,13333,00a3d,0cccc,4
296,296,0,000ea46969db,000,0,13333,00a3d,0cccc,4
297,297,0,000ea46969db,000,0,13333,00a3d,0cccc,4
298,298,0,000ea46969db,000,0,13333,00a3d,0cccc,4
299,299,0,000ea46969db,000,0,13333,00a3d,0cccc,4
300,300,0,000ea46969db,000,0,13333,00a3d,0cccc,4
301,301,0,000ea46969db,000,0,13333,00a3d,0cccc,4
302,302,0,000ea46969db,000,0,13333,00a3d,0cccc,4
303,303,0,000ea46969db,000,0,13333,00a3d,0cccc,4
304,304,0,000ea46969db,000,0,13333,00a3d,0cccc,4
305,305,0,000ea46969db,000,0,13333,00a3d,0cccc,4
306,306,0,000ea46969db,000,0,13333,00a3d,0cccc,4
307,307,0,000ea46969db,000,0,13333,00a3d,0cccc,4
308,308,0,000ea46969db,000,0,13333,00a3d,0cccc,4
309,309,0,000ea46969db,000,0,13333,00a3d,0cccc,4
310,310,0,000ea46969db,000,0,13333,00a3d,0cccc,4
311,311,0,000ea46969db,000,0,13333,00a3d,0cccc,4
312,312,0,000ea46969db,000,0,13333,00a3d,0cccc,4
313,313,0,000ea46969db,000,0,13333,00a3d,0cccc,4
314,314,0,000ea46969db,000,0,13333,00a3d,0cccc,4
315,315,0,000ea46969db,000,0,13333,00a3d,0cccc,4
316,316,0,000ea46969db,000,0,13333,00a3d,0cccc,4
317,317,0,000ea46969db,000,0,13333,00a3d,0cccc,4
318,318,0,000ea46969db,000,0,13333,00a3d,0cccc,4
319,319,0,000ea46969db,000,0,13333,00a3d,0cccc,4
320,320,0,000ea46969db,000,0,13333,00a3d,0cccc,4
321,321,0,000ea46969db,000,0,13333,00a3d,0cccc,4
322,322,0,000ea46969db,000,0,13333,00a3d,0cccc,4
323,323,0,000ea46969db,000,0,13333,00a3d,0cccc,4
324,324,0,000ea46969db,000,0,13333,00a3d,0cccc,4
325,325,0,000ea46969db,000,0,13333,00a3d,0cccc,4
326,326,0,000ea46969db,000,0,13333,00a3d,0cccc,4
327,327,0,000ea46969db,000,0,13333,00a3d,0cccc,4
328,328,0,000ea46969db,000,0,13333,00a3d,0cccc,4
329,329,0,000ea46969db,000,0,13333,00a3d,0cccc,4
330,330,0,000ea46969db,000,0,13333,00a3d,0cccc,4
331,331,0,000ea46969db,000,0,13333,00a3d,0cccc,4
332,332,0,000ea46969db,000,0,13333,00a3d,0cccc,4
333,333,0,000ea46969db,000,0,13333,00a3d,0cccc,4
334,334,0,000ea46969db,000,0,13333,00a3d,0cccc,4
335,335,0,000ea46969db,000,0,13333,00a3d,0cccc,4
336,336,0,000ea46969db,000,0,13333,00a3d,0cccc,4
337,337,0,000ea46969db,000,0,13333,00a3d,0cccc,4
338,338,0,000ea46969db,000,0,13333,00a3d,0cccc,4
339,339,0,000ea46969db,000,0,13333,00a3d,0cccc,4
340,340,0,000ea46969db,000,0,13333,00a3d,0cccc,4
341,341,0,000ea46969db,000,0,13333,00a3d,0cccc,4
342,342,0,000ea46969db,000,0,13333,00a3d,0cccc,4
343,343,0,000ea46969db,000,0,13333,00a3d,0cccc,4
344,344,0,000ea46969db,000,0,13333,00a3d,0cccc,4
345,345,0,000ea46969db,000,0,13333,00a3d,0cccc,4
346,346,0,000ea46969db,000,0,13333,00a3d,0cccc,4
347,347,0,000ea46969db,000,0,13333,00a3d,0cccc,4
348,348,0,000ea46969db,000,0,13333,00a3d,0cccc,4
349,349,0,000ea46969db,000,0,13333,00a3d,0cccc,4
350,350,0,000ea46969db,000,0,13333,00a3d,0cccc,4
351,351,0,000ea46969db,000,0,13333,00a3d,0cccc,4
352,352,0,000ea46969db,000,0,13333,00a3d,0cccc,4
353,353,0,000ea46969db,000,0,13333,00a3d,0cccc,4
354,354,0,000ea46969db,000,0,13333,00a3d,0cccc,4
355,355,0,000ea46969db,000,0,13333,00a3d,0cccc,4
356,356,0,000ea46969db,000,0,13333,00a3d,0cccc,4
357,357,0,000ea46969db,000,0,13333,00a3d,0cccc,4
358,358,0,000ea46969db,000,0,13333,00a3d,0cccc,4
359,359,0,000ea46969db,000,0,13333,00a3d,0cccc,4
360,360,0,000ea46969db,000,0,13333,00a3d,0cccc,4
361,361,0,000ea46969db,000,0,13333,00a3d,0cccc,4
362,362,0,000ea46969db,000,0,13333,00a3d,0cccc,4
363,363,0,000ea46969db,000,0,13333,00a3d,0cccc,4
364,364,0,000ea46969db,000,0,13333,00a3d,0cccc,4
365,365,0,000ea46969db,000,0,13333,00a3d,0cccc,4
366,366,0,000ea46969db,000,0,13333,00a3d,0cccc,4
367,367,0,000ea46969db,000,0,13333,00a3d,0cccc,4
368,368,0,000ea46969db,000,0,13333,00a3d,0cccc,4
369,369,0,000ea46969db,000,0,13333,00a3d,0cccc,4
370,370,0,000ea46969db,000,0,13333,00a3d,0cccc,4
371,371,0,000ea46969db,000,0,13333,00a3d,0cccc,4
372,372,0,000ea46969db,000,0,13333,00a3d,0cccc,4
373,373,0,000ea46969db,000,0,13333,00a3d,0cccc,4
374,374,0,000ea46969db,000,0,13333,00a3d,0cccc,4
375,375,0,000ea46969db,000,0,13333,00a3d,0cccc,4
376,376,0,000ea46969db,000,0,13333,00a3d,0cccc,4
377,377,0,000ea46969db,000,0,13333,00a3d,0cccc,4
378,378,0,000ea46969db,000,0,13333,00a3d,0cccc,4
379,379,0,000ea46969db,000,0,13333,00a3d,0cccc,4
380,380,0,000ea46969db,000,0,13333,00a3d,0cccc,4
381,381,0,000ea46969db,000,0,13333,00a3d,0cccc,4
382,382,0,000ea46969db,000,0,13333,00a3d,0cccc,4
383,383,0,000ea46969db,000,0,13333,00a3d,0cccc,4
384,384,0,000ea46969db,000,0,13333,00a3d,0cccc,4
385,385,0,000ea46969db,000,0,13333,00a3d,0cccc,4
386,386,0,000ea46969db,000,0,13333,00a3d,0cccc,4
387,387,0,000ea46969db,000,0,13333,00a3d,0cccc,4
388,388,0,000ea46969db,000,0,13333,00a3d,0cccc,4
389,389,0,000ea46969db,000,0,13333,00a3d,0cccc,4
390,390,0,000ea46969db,000,0,13333,00a3d,0cccc,4
391,391,0,000ea46969db,000,0,13333,00a3d,0cccc,4
392,392,0,000ea46969db,000,0,13333,00a3d,0cccc,4
393,393,0,000ea46969db,000,0,13333,00a3d,0cccc,4
394,394,0,000ea46969db,000,0,13333,00a3d,0cccc,4
395,395,0,000ea46969db,000,0,13333,00a3d,0cccc,4
396,396,0,000ea46969db,000,0,13333,00a3d,0cccc,4
397,397,0,000ea46969db,000,0,13333,00a3d,0cccc,4
398,398,0,000ea46969db,000,0,13333,00a3d,0cccc,4
399,399,0,000ea46969db,000,0,13333,00a3d,0cccc,4
400,400,0,000ea46969db,000,0,13333,00a3d,0cccc,4
401,401,0,000ea46969db,000,0,13333,00a3d,0cccc,4
402,402,0,000ea46969db,000,0,13333,00a3d,0cccc,4
403,403,0,000ea46969db,000,0,13333,00a3d,0cccc,4
404,404,0,000ea46969db,000,0,13333,00a3d,0cccc,4
405,405,0,000ea46969db,000,0,13333,00a3d,0cccc,4
406,406,0,000ea46969db,000,0,13333,00a3d,0cccc,4
407,407,0,000ea46969db,000,0,13333,00a3d,0cccc,4
408,408,0,000ea46969db,000,0,13333,00a3d,0cccc,4
409,409,0,000ea46969db,000,0,13333,00a3d,0cccc,4
410,410,0,000ea46969db,000,0,13333,00a3d,0cccc,4
411,411,0,000ea46969db,000,0,13333,00a3d,0cccc,4
412,412,0,000ea46969db,000,0,13333,00a3d,0cccc,4
413,413,0,000ea46969db,000,0,13333,00a3d,0cccc,4
414,414,0,000ea46969db,000,0,13333,00a3d,0cccc,4
415,415,0,000ea46969db,000,0,13333,00a3d,0cccc,4
416,416,0,000ea46969db,000,0,13333,00a3d,0cccc,4
417,417,0,000ea46969db,000,0,13333,00a3d,0cccc,4
418,418,0,000ea46969db,000,0,13333,00a3d,0cccc,4
419,419,0,000ea46969db,000,0,13333,00a3d,0cccc,4
420,420,0,000ea46969db,000,0,13333,00a3d,0cccc,4
421,421,0,000ea46969db,000,0,13333,00a3d,0cccc,4
422,422,0,000ea46969db,000,0,13333,00a3d,0cccc,4
423,423,0,000ea46969db,000,0,13333,00a3d,0cccc,4
424,424,0,000ea46969db,000,0,13333,00a3d,0cccc,4
425,425,0,000ea46969db,000,0,13333,00a3d,0cccc,4
426,426,0,000ea46969db,000,0,13333,00a3d,0cccc,4
427,427,0,000ea46969db,000,0,13333,00a3d,0cccc,4
428,428,0,000ea46969db,000,0,13333,00a3d,0cccc,4
429,429,0,000ea46969db,000,0,13333,00a3d,0cccc,4
430,430,0,000ea46969db,000,0,13333,00a3d,0cccc,4
431,431,0,000ea46969db,000,0,13333,00a3d,0cccc,4
432,432,0,000ea46969db,000,0,13333,00a3d,0cccc,4
433,433,0,000ea46969db,000,0,13333,00a3d,0cccc,4
434,434,0,000ea46969db,000,0,13333,00a3d,0cccc,4
435,435,0,000ea46969db,000,0,13333,00a3d,0cccc,4
436,436,0,000ea46969db,000,0,13333,00a3d,0cccc,4
437,437,0,000ea46969db,000,0,13333,00a3d,0cccc,4
438,438,0,000ea46969db,000,0,13333,00a3d,0cccc,4
439,439,0,000ea46969db,000,0,13333,00a3d,0cccc,4
440,440,0,000ea46969db,000,0,13333,00a3d,0cccc,4
441,441,0,000ea46969db,000,0,13333,00a3d,0cccc,4
442,442,0,000ea46969db,000,0,13333,00a3d,0cccc,4
443,443,0,000ea46969db,000,0,13333,00a3d,0cccc,4
444,444,0,000ea46969db,000,0,13333,00a3d,0cccc,4
445,445,0,000ea46969db,000,0,13333,00a3d,0cccc,4
446,446,0,000ea46969db,000,0,13333,00a3d,0cccc,4
447,447,0,000ea46969db,000,0,13333,00a3d,0cccc,4
448,448,0,000ea46969db,000,0,13333,00a3d,0cccc,4
449,449,0,000ea46969db,000,0,13333,00a3d,0cccc,4
450,450,0,000ea46969db,000,0,13333,00a3d,0cccc,4
451,451,0,000ea46969db,000,0,13333,00a3d,0cccc,4
452,452,0,000ea46969db,000,0,13333,00a3d,0cccc,4
453,453,0,000ea46969db,000,0,13333,00a3d,0cccc,4
454,454,0,000ea46969db,000,0,13333,00a3d,0cccc,4
455,455,0,000ea46969db,000,0,13333,00a3d,0cccc,4
456,456,0,000ea46969db,000,0,13333,00a3d,0cccc,4
457,457,0,000ea46969db,000,0,13333,00a3d,0cccc,4
458,458,0,000ea46969db,000,0,13333,00a3d,0cccc,4
459,459,0,000ea46969db,000,0,13333,00a3d,0cccc,4
460,460,0,000ea46969db,000,0,13333,00a3d,0cccc,4
461,461,0,000ea46969db,000,0,13333,00a3d,0cccc,4
462,462,0,000ea46969db,000,0,13333,00a3d,0cccc,4
463,463,0,000ea46969db,000,0,13333,00a3d,0cccc,4
464,464,0,000ea46969db,000,0,13333,00a3d,0cccc,4
465,465,0,000ea46969db,000,0,13333,00a3d,0cccc,4
466,466,0,000ea46969db,000,0,13333,00a3d,0cccc,4
467,467,0,000ea46969db,000,0,13333,00a3d,0cccc,4
468,468,0,000ea46969db,000,0,13333,00a3d,0cccc,4
469,469,0,000ea46969db,000,0,13333,00a3d,0cccc,4
470,470,0,000ea46969db,000,0,13333,00a3d,0cccc,4
471,471,0,000ea46969db,000,0,13333,00a3d,0cccc,4
472,472,0,000ea46969db,000,0,13333,00a3d,0cccc,4
473,473,0,000ea46969db,000,0,13333,00a3d,0cccc,4
474,474,0,000ea46969db,000,0,13333,00a3d,0cccc,4
475,475,0,000ea46969db,000,0,13333,00a3d,0cccc,4
476,476,0,000ea46969db,000,0,13333,00a3d,0cccc,4
477,477,0,000ea46969db,000,0,13333,00a3d,0cccc,4
478,478,0,000ea46969db,000,0,13333,00a3d,0cccc,4
479,479,0,000ea46969db,000,0,13333,00a3d,0cccc,4
480,480,0,000ea46969db,000,0,13333,00a3d,0cccc,4
481,481,0,000ea46969db,000,0,13333,00a3d,0cccc,4
482,482,0,000ea46969db,000,0,13333,00a3d,0cccc,4
483,483,0,000ea46969db,000,0,13333,00a3d,0cccc,4
484,484,0,000ea46969db,000,0,13333,00a3d,0cccc,4
485,485,0,000ea46969db,000,0,13333,00a3d,0cccc,4
486,486,0,000ea46969db,000,0,13333,00a3d,0cccc,4
487,487,0,000ea46969db,000,0,13333,00a3d,0cccc,4
488,488,0,000ea46969db,000,0,13333,00a3d,0cccc,4
489,489,0,000ea46969db,000,0,13333,00a3d,0cccc,4
490,490,0,000ea46969db,000,0,13333,00a3d,0cccc,4
491,491,0,000ea46969db,000,0,13333,00a3d,0cccc,4
492,492,0,000ea46969db,000,0,13333,00a3d,0cccc,4
493,493,0,000ea46969db,000,0,13333,00a3d,0cccc,4
494,494,0,000ea46969db,000,0,13333,00a3d,0cccc,4
495,495,0,000ea46969db,000,0,13333,00a3d,0cccc,4
496,496,0,000ea46969db,000,0,13333,00a3d,0cccc,4
497,497,0,000ea46969db,000,0,13333,00a3d,0cccc,4
498,498,0,000ea46969db,000,0,13333,00a3d,0cccc,4
499,499,0,000ea46969db,000,0,13333,00a3d,0cccc,4
500,500,0,000ea46969db,000,0,13333,00a3d,0cccc,4
501,501,0,000ea46969db,000,0,13333,00a3d,0cccc,4
502,502,0,000ea46969db,000,0,13333,00a3d,0cccc,4
503,503,0,000ea46969db,000,0,13333,00a3d,0cccc,4
504,504,0,000ea46969db,000,0,13333,00a3d,0cccc,4
505,505,0,000ea46969db,000,0,13333,00a3d,0cccc,4
506,506,0,000ea46969db,000,0,13333,00a3d,0cccc,4
507,507,0,000ea46969db,000,0,13333,00a3d,0cccc,4
508,508,0,000ea46969db,000,0,13333,00a3d,0cccc,4
509,509,0,000ea46969db,000,0,13333,00a3d,0cccc,4
510,510,0,000ea46969db,000,0,13333,00a3d,0cccc,4
511,511,0,000ea46969db,000,0,13333,00a3d,0cccc,4
512,512,1,000ea46969db,000,0,13333,00a3d,0cccc,4
513,513,0,000ea46969db,000,0,13333,00a3d,0cccc,4
514,514,0,000ea46969db,000,0,13333,00a3d,0cccc,4
515,515,0,000ea46969db,000,0,13333,00a3d,0cccc,4
516,516,0,000ea46969db,000,0,13333,00a3d,0cccc,4
517,517,0,000ea46969db,000,0,13333,00a3d,0cccc,4
518,518,0,000ea46969db,000,0,13333,00a3d,0cccc,4
519,519,0,000ea46969db,000,0,13333,00a3d,0cccc,4
520,520,0,000ea46969db,000,0,13333,00a3d,0cccc,4
521,521,0,000ea46969db,000,0,13333,00a3d,0cccc,4
522,522,0,000ea46969db,000,0,13333,00a3d,0cccc,4
523,523,0,000ea46969db,000,0,13333,00a3d,0cccc,4
524,524,0,000ea46969db,000,0,13333,00a3d,0cccc,4
525,525,0,000ea46969db,000,0,13333,00a3d,0cccc,4
526,526,0,000ea46969db,000,0,13333,00a3d,0cccc,4
527,527,0,000ea46969db,000,0,13333,00a3d,0cccc,4
528,528,0,000ea46969db,000,0,13333,00a3d,0cccc,4
529,529,0,000ea46969db,000,0,13333,00a3d,0cccc,4
530,530,0,000ea46969db,000,0,13333,00a3d,0cccc,4
531,531,0,000ea46969db,000,0,13333,00a3d,0cccc,4
532,532,0,000ea46969db,000,0,13333,00a3d,0cccc,4
533,533,0,000ea46969db,000,0,13333,00a3d,0cccc,4
534,534,0,000ea46969db,000,0,13333,00a3d,0cccc,4
535,535,0,000ea46969db,000,0,13333,00a3d,0cccc,4
536,536,0,000ea46969db,000,0,13333,00a3d,0cccc,4
537,537,0,000ea46969db,000,0,13333,00a3d,0cccc,4
538,538,0,000ea46969db,000,0,13333,00a3d,0cccc,4
539,539,0,000ea46969db,000,0,13333,00a3d,0cccc,4
540,540,0,000ea46969db,000,0,13333,00a3d,0cccc,4
541,541,0,000ea46969db,000,0,13333,00a3d,0cccc,4
542,542,0,000ea46969db,000,0,13333,00a3d,0cccc,4
543,543,0,000ea46969db,000,0,13333,00a3d,0cccc,4
544,544,0,000ea46969db,000,0,13333,00a3d,0cccc,4
545,545,0,000ea46969db,000,0,13333,00a3d,0cccc,4
546,546,0,000ea46969db,000,0,13333,00a3d,0cccc,4
547,547,0,000ea46969db,000,0,13333,00a3d,0cccc,4
548,548,0,000ea46969db,000,0,13333,00a3d,0cccc,4
549,549,0,000ea46969db,000,0,13333,00a3d,0cccc,4
550,550,0,000ea46969db,000,0,13333,00a3d,0cccc,4
551,551,0,000ea46969db,000,0,13333,00a3d,0cccc,4
552,552,0,000ea46969db,000,0,13333,00a3d,0cccc,4
553,553,0,000ea46969db,000,0,13333,00a3d,0cccc,4
554,554,0,000ea46969db,000,0,13333,00a3d,0cccc,4
555,555,0,000ea46969db,000,0,13333,00a3d,0cccc,4
556,556,0,000ea46969db,000,0,13333,00a3d,0cccc,4
557,557,0,000ea46969db,000,0,13333,00a3d,0cccc,4
558,558,0,000ea46969db,000,0,13333,00a3d,0cccc,4
559,559,0,000ea46969db,000,0,13333,00a3d,0cccc,4
560,560,0,000ea46969db,000,0,13333,00a3d,0cccc,4
561,561,0,000ea46969db,000,0,13333,00a3d,0cccc,4
562,562,0,000ea46969db,000,0,13333,00a3d,0cccc,4
563,563,0,000ea46969db,000,0,13333,00a3d,0cccc,4
564,564,0,000ea46969db,000,0,13333,00a3d,0cccc,4
565,565,0,000ea46969db,000,0,13333,00a3d,0cccc,4
566,566,0,000ea46969db,000,0,13333,00a3d,0cccc,4
567,567,0,000ea46969db,000,0,13333,00a3d,0cccc,4
568,568,0,000ea46969db,000,0,13333,00a3d,0cccc,4
569,569,0,000ea46969db,000,0,13333,00a3d,0cccc,4
570,570,0,000ea46969db,000,0,13333,00a3d,0cccc,4
571,571,0,000ea46969db,000,0,13333,00a3d,0cccc,4
572,572,0,000ea46969db,000,0,13333,00a3d,0cccc,4
573,573,0,000ea46969db,000,0,13333,00a3d,0cccc,4
574,574,0,000ea46969db,000,0,13333,00a3d,0cccc,4
575,575,0,000ea46969db,000,0,13333,00a3d,0cccc,4
576,576,0,000ea46969db,000,0,13333,00a3d,0cccc,4
577,577,0,000ea46969db,000,0,13333,00a3d,0cccc,4
578,578,0,000ea46969db,000,0,13333,00a3d,0cccc,4
579,579,0,000ea46969db,000,0,13333,00a3d,0cccc,4
580,580,0,000ea46969db,000,0,13333,00a3d,0cccc,4
581,581,0,000ea46969db,000,0,13333,00a3d,0cccc,4
582,582,0,000ea46969db,000,0,13333,00a3d,0cccc,4
583,583,0,000ea46969db,000,0,13333,00a3d,0cccc,4
584,584,0,000ea46969db,000,0,13333,00a3d,0cccc,4
585,585,0,000ea46969db,000,0,13333,00a3d,0cccc,4
586,586,0,000ea46969db,000,0,13333,00a3d,0cccc,4
587,587,0,000ea46969db,000,0,13333,00a3d,0cccc,4
588,588,0,000ea46969db,000,0,13333,00a3d,0cccc,4
589,589,0,000ea46969db,000,0,13333,00a3d,0cccc,4
590,590,0,000ea46969db,000,0,13333,00a3d,0cccc,4
591,591,0,000ea46969db,000,0,13333,00a3d,0cccc,4
592,592,0,000ea46969db,000,0,13333,00a3d,0cccc,4
593,593,0,000ea46969db,000,0,13333,00a3d,0cccc,4
594,594,0,000ea46969db,000,0,13333,00a3d,0cccc,4
595,595,0,000ea46969db,000,0,13333,00a3d,0cccc,4
596,596,0,000ea46969db,000,0,13333,00a3d,0cccc,4
597,597,0,000ea46969db,000,0,13333,00a3d,0cccc,4
598,598,0,000ea46969db,000,0,13333,00a3d,0cccc,4
599,599,0,000ea46969db,000,0,13333,00a3d,0cccc,4
600,600,0,000ea46969db,000,0,13333,00a3d,0cccc,4
601,601,0,000ea46969db,000,0,13333,00a3d,0cccc,4
602,602,0,000ea46969db,000,0,13333,00a3d,0cccc,4
603,603,0,000ea46969db,000,0,13333,00a3d,0cccc,4
604,604,0,000ea46969db,000,0,13333,00a3d,0cccc,4
605,605,0,000ea46969db,000,0,13333,00a3d,0cccc,4
606,606,0,000ea46969db,000,0,13333,00a3d,0cccc,4
607,607,0,000ea46969db,000,0,13333,00a3d,0cccc,4
608,608,0,000ea46969db,000,0,13333,00a3d,0cccc,4
609,609,0,000ea46969db,000,0,13333,00a3d,0cccc,4
610,610,0,000ea46969db,000,0,13333,00a3d,0cccc,4
611,611,0,000ea46969db,000,0,13333,00a3d,0cccc,4
612,612,0,000ea46969db,000,0,13333,00a3d,0cccc,4
613,613,0,000ea46969db,000,0,13333,00a3d,0cccc,4
614,614,0,000ea46969db,000,0,13333,00a3d,0cccc,4
615,615,0,000ea46969db,000,0,13333,00a3d,0cccc,4
616,616,0,000ea46969db,000,0,13333,00a3d,0cccc,4
617,617,0,000ea46969db,000,0,13333,00a3d,0cccc,4
618,618,0,000ea46969db,000,0,13333,00a3d,0cccc,4
619,619,0,000ea46969db,000,0,13333,00a3d,0cccc,4
620,620,0,000ea46969db,000,0,13333,00a3d,0cccc,4
621,621,0,000ea46969db,000,0,13333,00a3d,0cccc,4
622,622,0,000ea46969db,000,0,13333,00a3d,0cccc,4
623,623,0,000ea46969db,000,0,13333,00a3d,0cccc,4
624,624,0,000ea46969db,000,0,13333,00a3d,0cccc,4
625,625,0,000ea46969db,000,0,13333,00a3d,0cccc,4
626,626,0,000ea46969db,000,0,13333,00a3d,0cccc,4
627,627,0,000ea46969db,000,0,13333,00a3d,0cccc,4
628,628,0,000ea46969db,000,0,13333,00a3d,0cccc,4
629,629,0,000ea46969db,000,0,13333,00a3d,0cccc,4
630,630,0,000ea46969db,000,0,13333,00a3d,0cccc,4
631,631,0,000ea46969db,000,0,13333,00a3d,0cccc,4
632,632,0,000ea46969db,000,0,13333,00a3d,0cccc,4
633,633,0,000ea46969db,000,0,13333,00a3d,0cccc,4
634,634,0,000ea46969db,000,0,13333,00a3d,0cccc,4
635,635,0,000ea46969db,000,0,13333,00a3d,0cccc,4
636,636,0,000ea46969db,000,0,13333,00a3d,0cccc,4
637,637,0,000ea46969db,000,0,13333,00a3d,0cccc,4
638,638,0,000ea46969db,000,0,13333,00a3d,0cccc,4
639,639,0,000ea46969db,000,0,13333,00a3d,0cccc,4
640,640,0,000ea46969db,000,0,13333,00a3d,0cccc,4
641,641,0,000ea46969db,000,0,13333,00a3d,0cccc,4
642,642,0,000ea46969db,000,0,13333,00a3d,0cccc,4
643,643,0,000ea46969db,000,0,13333,00a3d,0cccc,4
644,644,0,000ea46969db,000,0,13333,00a3d,0cccc,4
645,645,0,000ea46969db,000,0,13333,00a3d,0cccc,4
646,646,0,000ea46969db,000,0,13333,00a3d,0cccc,4
647,647,0,000ea46969db,000,0,13333,00a3d,0cccc,4
648,648,0,000ea46969db,000,0,13333,00a3d,0cccc,4
649,649,0,000ea46969db,000,0,13333,00a3d,0cccc,4
650,650,0,000ea46969db,000,0,13333,00a3d,0cccc,4
651,651,0,000ea46969db,000,0,13333,00a3d,0cccc,4
652,652,0,000ea46969db,000,0,13333,00a3d,0cccc,4
653,653,0,000ea46969db,000,0,13333,00a3d,0cccc,4
654,654,0,000ea46969db,000,0,13333,00a3d,0cccc,4
655,655,0,000ea46969db,000,0,13333,00a3d,0cccc,4
656,656,0,000ea46969db,000,0,13333,00a3d,0cccc,4
657,657,0,000ea46969db,000,0,13333,00a3d,0cccc,4
658,658,0,000ea46969db,000,0,13333,00a3d,0cccc,4
659,659,0,000ea46969db,000,0,13333,00a3d,0cccc,4
660,660,0,000ea46969db,000,0,13333,00a3d,0cccc,4
661,661,0,000ea46969db,000,0,13333,00a3d,0cccc,4
662,662,0,000ea46969db,000,0,13333,00a3d,0cccc,4
663,663,0,000ea46969db,000,0,13333,00a3d,0cccc,4
664,664,0,000ea46969db,000,0,13333,00a3d,0cccc,4
665,665,0,000ea46969db,000,0,13333,00a3d,0cccc,4
666,666,0,000ea46969db,000,0,13333,00a3d,0cccc,4
667,667,0,000ea46969db,000,0,13333,00a3d,0cccc,4
668,668,0,000ea46969db,000,0,13333,00a3d,0cccc,4
669,669,0,000ea46969db,000,0,13333,00a3d,0cccc,4
670,670,0,000ea46969db,000,0,13333,00a3d,0cccc,4
671,671,0,000ea46969db,000,0,13333,00a3d,0cccc,4
672,672,0,000ea46969db,000,0,13333,00a3d,0cccc,4
673,673,0,000ea46969db,000,0,13333,00a3d,0cccc,4
674,674,0,000ea46969db,000,0,13333,00a3d,0cccc,4
675,675,0,000ea46969db,000,0,13333,00a3d,0cccc,4
676,676,0,000ea46969db,000,0,13333,00a3d,0cccc,4
677,677,0,000ea46969db,000,0,13333,00a3d,0cccc,4
678,678,0,000ea46969db,000,0,13333,00a3d,0cccc,4
679,679,0,000ea46969db,000,0,13333,00a3d,0cccc,4
680,680,0,000ea46969db,000,0,13333,00a3d,0cccc,4
681,681,0,000ea46969db,000,0,13333,00a3d,0cccc,4
682,682,0,000ea46969db,000,0,13333,00a3d,0cccc,4
683,683,0,000ea46969db,000,0,13333,00a3d,0cccc,4
684,684,0,000ea46969db,000,0,13333,00a3d,0cccc,4
685,685,0,000ea46969db,000,0,13333,00a3d,0cccc,4
686,686,0,000ea46969db,000,0,13333,00a3d,0cccc,4
687,687,0,000ea46969db,000,0,13333,00a3d,0cccc,4
688,688,0,000ea46969db,000,0,13333,00a3d,0cccc,4
689,689,0,000ea46969db,000,0,13333,00a3d,0cccc,4
690,690,0,000ea46969db,000,0,13333,00a3d,0cccc,4
691,691,0,000ea46969db,000,0,13333,00a3d,0cccc,4
692,692,0,000ea46969db,000,0,13333,00a3d,0cccc,4
693,693,0,000ea46969db,000,0,13333,00a3d,0cccc,4
694,694,0,000ea46969db,000,0,13333,00a3d,0cccc,4
695,695,0,000ea46969db,000,0,13333,00a3d,0cccc,4
696,696,0,000ea46969db,000,0,13333,00a3d,0cccc,4
697,697,0,000ea46969db,000,0,13333,00a3d,0cccc,4
698,698,0,000ea46969db,000,0,13333,00a3d,0cccc,4
699,699,0,000ea46969db,000,0,13333,00a3d,0cccc,4
700,700,0,000ea46969db,000,0,13333,00a3d,0cccc,4
701,701,0,000ea46969db,000,0,13333,00a3d,0cccc,4
702,702,0,000ea46969db,000,0,13333,00a3d,0cccc,4
703,703,0,000ea46969db,000,0,13333,00a3d,0cccc,4
704,704,0,000ea46969db,000,0,13333,00a3d,0cccc,4
705,705,0,000ea46969db,000,0,13333,00a3d,0cccc,4
706,706,0,000ea46969db,000,0,13333,00a3d,0cccc,4
707,707,0,000ea46969db,000,0,13333,00a3d,0cccc,4
708,708,0,000ea46969db,000,0,13333,00a3d,0cccc,4
709,709,0,000ea46969db,000,0,13333,00a3d,0cccc,4
710,710,0,000ea46969db,000,0,13333,00a3d,0cccc,4
711,711,0,000ea46969db,000,0,13333,00a3d,0cccc,4
712,712,0,000ea46969db,000,0,13333,00a3d,0cccc,4
713,713,0,000ea46969db,000,0,13333,00a3d,0cccc,4
714,714,0,000ea46969db,000,0,13333,00a3d,0cccc,4
715,715,0,000ea46969db,000,0,13333,00a3d,0cccc,4
716,716,0,000ea46969db,000,0,13333,00a3d,0cccc,4
717,717,0,000ea46969db,000,0,13333,00a3d,0cccc,4
718,718,0,000ea46969db,000,0,13333,00a3d,0cccc,4
719,719,0,000ea46969db,000,0,13333,00a3d,0cccc,4
720,720,0,000ea46969db,000,0,13333,00a3d,0cccc,4
721,721,0,000ea46969db,000,0,13333,00a3d,0cccc,4
722,722,0,000ea46969db,000,0,13333,00a3d,0cccc,4
723,723,0,000ea46969db,000,0,13333,00a3d,0cccc,4
724,724,0,000ea46969db,000,0,13333,00a3d,0cccc,4
725,725,0,000ea46969db,000,0,13333,00a3d,0cccc,4
726,726,0,000ea46969db,000,0,13333,00a3d,0cccc,4
727,727,0,000ea46969db,000,0,13333,00a3d,0cccc,4
728,728,0,000ea46969db,000,0,13333,00a3d,0cccc,4
729,729,0,000ea46969db,000,0,13333,00a3d,0cccc,4
730,730,0,000ea46969db,000,0,13333,00a3d,0cccc,4
731,731,0,000ea46969db,000,0,13333,00a3d,0cccc,4
732,732,0,000ea46969db,000,0,13333,00a3d,0cccc,4
733,733,0,000ea46969db,000,0,13333,00a3d,0cccc,4
734,734,0,000ea46969db,000,0,13333,00a3d,0cccc,4
735,735,0,000ea46969db,000,0,13333,00a3d,0cccc,4
736,736,0,000ea46969db,000,0,13333,00a3d,0cccc,4
737,737,0,000ea46969db,000,0,13333,00a3d,0cccc,4
738,738,0,000ea46969db,000,0,13333,00a3d,0cccc,4
739,739,0,000ea46969db,000,0,13333,00a3d,0cccc,4
740,740,0,000ea46969db,000,0,13333,00a3d,0cccc,4
741,741,0,000ea46969db,000,0,13333,00a3d,0cccc,4
742,742,0,000ea46969db,000,0,13333,00a3d,0cccc,4
743,743,0,000ea46969db,000,0,13333,00a3d,0cccc,4
744,744,0,000ea46969db,000,0,13333,00a3d,0cccc,4
745,745,0,000ea46969db,000,0,13333,00a3d,0cccc,4
746,746,0,000ea46969db,000,0,13333,00a3d,0cccc,4
747,747,0,000ea46969db,000,0,13333,00a3d,0cccc,4
748,748,0,000ea46969db,000,0,13333,00a3d,0cccc,4
749,749,0,000ea46969db,000,0,13333,00a3d,0cccc,4
750,750,0,000ea46969db,000,0,13333,00a3d,0cccc,4
751,751,0,000ea46969db,000,0,13333,00a3d,0cccc,4
752,752,0,000ea46969db,000,0,13333,00a3d,0cccc,4
753,753,0,000ea46969db,000,0,13333,00a3d,0cccc,4
754,754,0,000ea46969db,000,0,13333,00a3d,0cccc,4
755,755,0,000ea46969db,000,0,13333,00a3d,0cccc,4
756,756,0,000ea46969db,000,0,13333,00a3d,0cccc,4
757,757,0,000ea46969db,000,0,13333,00a3d,0cccc,4
758,758,0,000ea46969db,000,0,13333,00a3d,0cccc,4
759,759,0,000ea46969db,000,0,13333,00a3d,0cccc,4
760,760,0,000ea46969db,000,0,13333,00a3d,0cccc,4
761,761,0,000ea46969db,000,0,13333,00a3d,0cccc,4
762,762,0,000ea46969db,000,0,13333,00a3d,0cccc,4
763,763,0,000ea46969db,000,0,13333,00a3d,0cccc,4
764,764,0,000ea46969db,000,0,13333,00a3d,0cccc,4
765,765,0,000ea46969db,000,0,13333,00a3d,0cccc,4
766,766,0,000ea46969db,000,0,13333,00a3d,0cccc,4
767,767,0,000ea46969db,000,0,13333,00a3d,0cccc,4
768,768,0,000ea46969db,000,0,13333,00a3d,0cccc,4
769,769,0,000ea46969db,000,0,13333,00a3d,0cccc,4
770,770,0,000ea46969db,000,0,13333,00a3d,0cccc,4
771,771,0,000ea46969db,000,0,13333,00a3d,0cccc,4
772,772,0,000ea46969db,000,0,13333,00a3d,0cccc,4
773,773,0,000ea46969db,000,0,13333,00a3d,0cccc,4
774,774,0,000ea46969db,000,0,13333,00a3d,0cccc,4
775,775,0,000ea46969db,000,0,13333,00a3d,0cccc,4
776,776,0,000ea46969db,000,0,13333,00a3d,0cccc,4
777,777,0,000ea46969db,000,0,13333,00a3d,0cccc,4
778,778,0,000ea46969db,000,0,13333,00a3d,0cccc,4
779,779,0,000ea46969db,000,0,13333,00a3d,0cccc,4
780,780,0,000ea46969db,000,0,13333,00a3d,0cccc,4
781,781,0,000ea46969db,000,0,13333,00a3d,0cccc,4
782,782,0,000ea46969db,000,0,13333,00a3d,0cccc,4
783,783,0,000ea46969db,000,0,13333,00a3d,0cccc,4
784,784,0,000ea46969db,000,0,13333,00a3d,0cccc,4
785,785,0,000ea46969db,000,0,13333,00a3d,0cccc,4
786,786,0,000ea46969db,000,0,13333,00a3d,0cccc,4
787,787,0,000ea46969db,000,0,13333,00a3d,0cccc,4
788,788,0,000ea46969db,000,0,13333,00a3d,0cccc,4
789,789,0,000ea46969db,000,0,13333,00a3d,0cccc,4
790,790,0,000ea46969db,000,0,13333,00a3d,0cccc,4
791,791,0,000ea46969db,000,0,13333,00a3d,0cccc,4
792,792,0,000ea46969db,000,0,13333,00a3d,0cccc,4
793,793,0,000ea46969db,000,0,13333,00a3d,0cccc,4
794,794,0,000ea46969db,000,0,13333,00a3d,0cccc,4
795,795,0,000ea46969db,000,0,13333,00a3d,0cccc,4
796,796,0,000ea46969db,000,0,13333,00a3d,0cccc,4
797,797,0,000ea46969db,000,0,13333,00a3d,0cccc,4
798,798,0,000ea46969db,000,0,13333,00a3d,0cccc,4
799,799,0,000ea46969db,000,0,13333,00a3d,0cccc,4
800,800,0,000ea46969db,000,0,13333,00a3d,0cccc,4
801,801,0,000ea46969db,000,0,13333,00a3d,0cccc,4
802,802,0,000ea46969db,000,0,13333,00a3d,0cccc,4
803,803,0,000ea46969db,000,0,13333,00a3d,0cccc,4
804,804,0,000ea46969db,000,0,13333,00a3d,0cccc,4
805,805,0,000ea46969db,000,0,13333,00a3d,0cccc,4
806,806,0,000ea46969db,000,0,13333,00a3d,0cccc,4
807,807,0,000ea46969db,000,0,13333,00a3d,0cccc,4
808,808,0,000ea46969db,000,0,13333,00a3d,0cccc,4
809,809,0,000ea46969db,000,0,13333,00a3d,0cccc,4
810,810,0,000ea46969db,000,0,13333,00a3d,0cccc,4
811,811,0,000ea46969db,000,0,13333,00a3d,0cccc,4
812,812,0,000ea46969db,000,0,13333,00a3d,0cccc,4
813,813,0,000ea46969db,000,0,13333,00a3d,0cccc,4
814,814,0,000ea46969db,000,0,13333,00a3d,0cccc,4
815,815,0,000ea46969db,000,0,13333,00a3d,0cccc,4
816,816,0,000ea46969db,000,0,13333,00a3d,0cccc,4
817,817,0,000ea46969db,000,0,13333,00a3d,0cccc,4
818,818,0,000ea46969db,000,0,13333,00a3d,0cccc,4
819,819,0,000ea46969db,000,0,13333,00a3d,0cccc,4
820,820,0,000ea46969db,000,0,13333,00a3d,0cccc,4
821,821,0,000ea46969db,000,0,13333,00a3d,0cccc,4
822,822,0,000ea46969db,000,0,13333,00a3d,0cccc,4
823,823,0,000ea46969db,000,0,13333,00a3d,0cccc,4
824,824,0,000ea46969db,000,0,13333,00a3d,0cccc,4
825,825,0,000ea46969db,000,0,13333,00a3d,0cccc,4
826,826,0,000ea46969db,000,0,13333,00a3d,0cccc,4
827,827,0,000ea46969db,000,0,13333,00a3d,0cccc,4
828,828,0,000ea46969db,000,0,13333,00a3d,0cccc,4
829,829,0,000ea46969db,000,0,13333,00a3d,0cccc,4
830,830,0,000ea46969db,000,0,13333,00a3d,0cccc,4
831,831,0,000ea46969db,000,0,13333,00a3d,0cccc,4
832,832,0,000ea46969db,000,0,13333,00a3d,0cccc,4
833,833,0,000ea46969db,000,0,13333,00a3d,0cccc,4
834,834,0,000ea46969db,000,0,13333,00a3d,0cccc,4
835,835,0,000ea46969db,000,0,13333,00a3d,0cccc,4
836,836,0,000ea46969db,000,0,13333,00a3d,0cccc,4
837,837,0,000ea46969db,000,0,13333,00a3d,0cccc,4
838,838,0,000ea46969db,000,0,13333,00a3d,0cccc,4
839,839,0,000ea46969db,000,0,13333,00a3d,0cccc,4
840,840,0,000ea46969db,000,0,13333,00a3d,0cccc,4
841,841,0,000ea46969db,000,0,13333,00a3d,0cccc,4
842,842,0,000ea46969db,000,0,13333,00a3d,0cccc,4
843,843,0,000ea46969db,000,0,13333,00a3d,0cccc,4
844,844,0,000ea46969db,000,0,13333,00a3d,0cccc,4
845,845,0,000ea46969db,000,0,13333,00a3d,0cccc,4
846,846,0,000ea46969db,000,0,13333,00a3d,0cccc,4
847,847,0,000ea46969db,000,0,13333,00a3d,0cccc,4
848,848,0,000ea46969db,000,0,13333,00a3d,0cccc,4
849,849,0,000ea46969db,000,0,13333,00a3d,0cccc,4
850,850,0,000ea46969db,000,0,13333,00a3d,0cccc,4
851,851,0,000ea46969db,000,0,13333,00a3d,0cccc,4
852,852,0,000ea46969db,000,0,13333,00a3d,0cccc,4
853,853,0,000ea46969db,000,0,13333,00a3d,0cccc,4
854,854,0,000ea46969db,000,0,13333,00a3d,0cccc,4
855,855,0,000ea46969db,000,0,13333,00a3d,0cccc,4
856,856,0,000ea46969db,000,0,13333,00a3d,0cccc,4
857,857,0,000ea46969db,000,0,13333,00a3d,0cccc,4
858,858,0,000ea46969db,000,0,13333,00a3d,0cccc,4
859,859,0,000ea46969db,000,0,13333,00a3d,0cccc,4
860,860,0,000ea46969db,000,0,13333,00a3d,0cccc,4
861,861,0,000ea46969db,000,0,13333,00a3d,0cccc,4
862,862,0,000ea46969db,000,0,13333,00a3d,0cccc,4
863,863,0,000ea46969db,000,0,13333,00a3d,0cccc,4
864,864,0,000ea46969db,000,0,13333,00a3d,0cccc,4
865,865,0,000ea46969db,000,0,13333,00a3d,0cccc,4
866,866,0,000ea46969db,000,0,13333,00a3d,0cccc,4
867,867,0,000ea46969db,000,0,13333,00a3d,0cccc,4
868,868,0,000ea46969db,000,0,13333,00a3d,0cccc,4
869,869,0,000ea46969db,000,0,13333,00a3d,0cccc,4
870,870,0,000ea46969db,000,0,13333,00a3d,0cccc,4
871,871,0,000ea46969db,000,0,13333,00a3d,0cccc,4
872,872,0,000ea46969db,000,0,13333,00a3d,0cccc,4
873,873,0,000ea46969db,000,0,13333,00a3d,0cccc,4
874,874,0,000ea46969db,000,0,13333,00a3d,0cccc,4
875,875,0,000ea46969db,000,0,13333,00a3d,0cccc,4
876,876,0,000ea46969db,000,0,13333,00a3d,0cccc,4
877,877,0,000ea46969db,000,0,13333,00a3d,0cccc,4
878,878,0,000ea46969db,000,0,13333,00a3d,0cccc,4
879,879,0,000ea46969db,000,0,13333,00a3d,0cccc,4
880,880,0,000ea46969db,000,0,13333,00a3d,0cccc,4
881,881,0,000ea46969db,000,0,13333,00a3d,0cccc,4
882,882,0,000ea46969db,000,0,13333,00a3d,0cccc,4
883,883,0,000ea46969db,000,0,13333,00a3d,0cccc,4
884,884,0,000ea46969db,000,0,13333,00a3d,0cccc,4
885,885,0,000ea46969db,000,0,13333,00a3d,0cccc,4
886,886,0,000ea46969db,000,0,13333,00a3d,0cccc,4
887,887,0,000ea46969db,000,0,13333,00a3d,0cccc,4
888,888,0,000ea46969db,000,0,13333,00a3d,0cccc,4
889,889,0,000ea46969db,000,0,13333,00a3d,0cccc,4
890,890,0,000ea46969db,000,0,13333,00a3d,0cccc,4
891,891,0,000ea46969db,000,0,13333,00a3d,0cccc,4
892,892,0,000ea46969db,000,0,13333,00a3d,0cccc,4
893,893,0,000ea46969db,000,0,13333,00a3d,0cccc,4
894,894,0,000ea46969db,000,0,13333,00a3d,0cccc,4
895,895,0,000ea46969db,000,0,13333,00a3d,0cccc,4
896,896,0,000ea46969db,000,0,13333,00a3d,0cccc,4
897,897,0,000ea46969db,000,0,13333,00a3d,0cccc,4
898,898,0,000ea46969db,000,0,13333,00a3d,0cccc,4
899,899,0,000ea46969db,000,0,13333,00a3d,0cccc,4
900,900,0,000ea46969db,000,0,13333,00a3d,0cccc,4
901,901,0,000ea46969db,000,0,13333,00a3d,0cccc,4
902,902,0,000ea46969db,000,0,13333,00a3d,0cccc,4
903,903,0,000ea46969db,000,0,13333,00a3d,0cccc,4
904,904,0,000ea46969db,000,0,13333,00a3d,0cccc,4
905,905,0,000ea46969db,000,0,13333,00a3d,0cccc,4
906,906,0,000ea46969db,000,0,13333,00a3d,0cccc,4
907,907,0,000ea46969db,000,0,13333,00a3d,0cccc,4
908,908,0,000ea46969db,000,0,13333,00a3d,0cccc,4
909,909,0,000ea46969db,000,0,13333,00a3d,0cccc,4
910,910,0,000ea46969db,000,0,13333,00a3d,0cccc,4
911,911,0,000ea46969db,000,0,13333,00a3d,0cccc,4
912,912,0,000ea46969db,000,0,13333,00a3d,0cccc,4
913,913,0,000ea46969db,000,0,13333,00a3d,0cccc,4
914,914,0,000ea46969db,000,0,13333,00a3d,0cccc,4
915,915,0,000ea46969db,000,0,13333,00a3d,0cccc,4
916,916,0,000ea46969db,000,0,13333,00a3d,0cccc,4
917,917,0,000ea46969db,000,0,13333,00a3d,0cccc,4
918,918,0,000ea46969db,000,0,13333,00a3d,0cccc,4
919,919,0,000ea46969db,000,0,13333,00a3d,0cccc,4
920,920,0,000ea46969db,000,0,13333,00a3d,0cccc,4
921,921,0,000ea46969db,000,0,13333,00a3d,0cccc,4
922,922,0,000ea46969db,000,0,13333,00a3d,0cccc,4
923,923,0,000ea46969db,000,0,13333,00a3d,0cccc,4
924,924,0,000ea46969db,000,0,13333,00a3d,0cccc,4
925,925,0,000ea46969db,000,0,13333,00a3d,0cccc,4
926,926,0,000ea46969db,000,0,13333,00a3d,0cccc,4
927,927,0,000ea46969db,000,0,13333,00a3d,0cccc,4
928,928,0,000ea46969db,000,0,13333,00a3d,0cccc,4
929,929,0,000ea46969db,000,0,13333,00a3d,0cccc,4
930,930,0,000ea46969db,000,0,13333,00a3d,0cccc,4
931,931,0,000ea46969db,000,0,13333,00a3d,0cccc,4
932,932,0,000ea46969db,000,0,13333,00a3d,0cccc,4
933,933,0,000ea46969db,000,0,13333,00a3d,0cccc,4
934,934,0,000ea46969db,000,0,13333,00a3d,0cccc,4
935,935,0,000ea46969db,000,0,13333,00a3d,0cccc,4
936,936,0,000ea46969db,000,0,13333,00a3d,0cccc,4
937,937,0,000ea46969db,000,0,13333,00a3d,0cccc,4
938,938,0,000ea46969db,000,0,13333,00a3d,0cccc,4
939,939,0,000ea46969db,000,0,13333,00a3d,0cccc,4
940,940,0,000ea46969db,000,0,13333,00a3d,0cccc,4
941,941,0,000ea46969db,000,0,13333,00a3d,0cccc,4
942,942,0,000ea46969db,000,0,13333,00a3d,0cccc,4
943,943,0,000ea46969db,000,0,13333,00a3d,0cccc,4
944,944,0,000ea46969db,000,0,13333,00a3d,0cccc,4
945,945,0,000ea46969db,000,0,13333,00a3d,0cccc,4
946,946,0,000ea46969db,000,0,13333,00a3d,0cccc,4
947,947,0,000ea46969db,000,0,13333,00a3d,0cccc,4
948,948,0,000ea46969db,000,0,13333,00a3d,0cccc,4
949,949,0,000ea46969db,000,0,13333,00a3d,0cccc,4
950,950,0,000ea46969db,000,0,13333,00a3d,0cccc,4
951,951,0,000ea46969db,000,0,13333,00a3d,0cccc,4
952,952,0,000ea46969db,000,0,13333,00a3d,0cccc,4
953,953,0,000ea46969db,000,0,13333,00a3d,0cccc,4
954,954,0,000ea46969db,000,0,13333,00a3d,0cccc,4
955,955,0,000ea46969db,000,0,13333,00a3d,0cccc,4
956,956,0,000ea46969db,000,0,13333,00a3d,0cccc,4
957,957,0,000ea46969db,000,0,13333,00a3d,0cccc,4
958,958,0,000ea46969db,000,0,13333,00a3d,0cccc,4
959,959,0,000ea46969db,000,0,13333,00a3d,0cccc,4
960,960,0,000ea46969db,000,0,13333,00a3d,0cccc,4
961,961,0,000ea46969db,000,0,13333,00a3d,0cccc,4
962,962,0,000ea46969db,000,0,13333,00a3d,0cccc,4
963,963,0,000ea46969db,000,0,13333,00a3d,0cccc,4
964,964,0,000ea46969db,000,0,13333,00a3d,0cccc,4
965,965,0,000ea46969db,000,0,13333,00a3d,0cccc,4
966,966,0,000ea46969db,000,0,13333,00a3d,0cccc,4
967,967,0,000ea46969db,000,0,13333,00a3d,0cccc,4
968,968,0,000ea46969db,000,0,13333,00a3d,0cccc,4
969,969,0,000ea46969db,000,0,13333,00a3d,0cccc,4
970,970,0,000ea46969db,000,0,13333,00a3d,0cccc,4
971,971,0,000ea46969db,000,0,13333,00a3d,0cccc,4
972,972,0,000ea46969db,000,0,13333,00a3d,0cccc,4
973,973,0,000ea46969db,000,0,13333,00a3d,0cccc,4
974,974,0,000ea46969db,000,0,13333,00a3d,0cccc,4
975,975,0,000ea46969db,000,0,13333,00a3d,0cccc,4
976,976,0,000ea46969db,000,0,13333,00a3d,0cccc,4
977,977,0,000ea46969db,000,0,13333,00a3d,0cccc,4
978,978,0,000ea46969db,000,0,13333,00a3d,0cccc,4
979,979,0,000ea46969db,000,0,13333,00a3d,0cccc,4
980,980,0,000ea46969db,000,0,13333,00a3d,0cccc,4
981,981,0,000ea46969db,000,0,13333,00a3d,0cccc,4
982,982,0,000ea46969db,000,0,13333,00a3d,0cccc,4
983,983,0,000ea46969db,000,0,13333,00a3d,0cccc,4
984,984,0,000ea46969db,000,0,13333,00a3d,0cccc,4
985,985,0,000ea46969db,000,0,13333,00a3d,0cccc,4
986,986,0,000ea46969db,000,0,13333,00a3d,0cccc,4
987,987,0,000ea46969db,000,0,13333,00a3d,0cccc,4
988,988,0,000ea46969db,000,0,13333,00a3d,0cccc,4
989,989,0,000ea46969db,000,0,13333,00a3d,0cccc,4
990,990,0,000ea46969db,000,0,13333,00a3d,0cccc,4
991,991,0,000ea46969db,000,0,13333,00a3d,0cccc,4
992,992,0,000ea46969db,000,0,13333,00a3d,0cccc,4
993,993,0,000ea46969db,000,0,13333,00a3d,0cccc,4
994,994,0,000ea46969db,000,0,13333,00a3d,0cccc,4
995,995,0,000ea46969db,000,0,13333,00a3d,0cccc,4
996,996,0,000ea46969db,000,0,13333,00a3d,0cccc,4
997,997,0,000ea46969db,000,0,13333,00a3d,0cccc,4
998,998,0,000ea46969db,000,0,13333,00a3d,0cccc,4
999,999,0,000ea46969db,000,0,13333,00a3d,0cccc,4
1000,1000,0,000ea46969db,000,0,13333,00a3d,0cccc,4
1001,1001,0,000ea46969db,000,0,13333,00a3d,0cccc,4
1002,1002,0,000ea46969db,000,0,13333,00a3d,0cccc,4
1003,1003,0,000ea46969db,000,0,13333,00a3d,0cccc,4
1004,1004,0,000ea46969db,000,0,13333,00a3d,0cccc,4
1005,1005,0,000ea46969db,000,0,13333,00a3d,0cccc,4
1006,1006,0,000ea46969db,000,0,13333,00a3d,0cccc,4
1007,1007,0,000ea46969db,000,0,13333,00a3d,0cccc,4
1008,1008,0,000ea46969db,000,0,13333,00a3d,0cccc,4
1009,1009,0,000ea46969db,000,0,13333,00a3d,0cccc,4
1010,1010,0,000ea46969db,000,0,13333,00a3d,0cccc,4
1011,1011,0,000ea46969db,000,0,13333,00a3d,0cccc,4
1012,1012,0,000ea46969db,000,0,13333,00a3d,0cccc,4
1013,1013,0,000ea46969db,000,0,13333,00a3d,0cccc,4
1014,1014,0,000ea46969db,000,0,13333,00a3d,0cccc,4
1015,1015,0,000ea46969db,000,0,13333,00a3d,0cccc,4
1016,1016,0,000ea46969db,000,0,13333,00a3d,0cccc,4
1017,1017,0,000ea46969db,000,0,13333,00a3d,0cccc,4
1018,1018,0,000ea46969db,000,0,13333,00a3d,0cccc,4
1019,1019,0,000ea46969db,000,0,13333,00a3d,0cccc,4
1020,1020,0,000ea46969db,000,0,13333,00a3d,0cccc,4
1021,1021,0,000ea46969db,000,0,13333,00a3d,0cccc,4
1022,1022,0,000ea46969db,000,0,13333,00a3d,0cccc,4
1023,1023,0,000ea46969db,000,0,13333,00a3d,0cccc,4
